FullName,CPSUnit,Latitude,Longitude,Location
Jane Addams Elementary School,2020, 41.698738800280616,-87.53297604185967 ,"(41.7935651919, -87.6414185840999)"
Louis A Agassiz Elementary School,2030, 41.934126298153714,-87.65622866786502 ,"(41.8496748576, -87.6253515103)"
Louisa May Alcott Elementary School,2040, 41.929849852681734,-87.64641313686322 ,"(41.6987389279, -87.532939427)"
Ira F Aldridge Elementary School,2710, 41.657404970403604,-87.60647384721634 ,"(41.7898283982, -87.6224160902)"
Ariel Elementary Community Academy,3640, 41.81117346222018,-87.59750293141377 ,"(41.9487642821, -87.757078851)"
Phillip D Armour Elementary School,2070, 41.83385390993294,-87.65065315593255 ,"(41.9341255571999, -87.6562654048999)"
George Armstrong International Studies ES,2080, 42.01014998439017,-87.6844418272272 ,"(41.9298498527, -87.6464131368)"
Ashburn Community Elementary School,7100, 41.74235056725263,-87.70960968185929 ,"(41.8977916289999, -87.7467304026999)"
Arthur R Ashe Elementary School,6900, 41.740183791387416,-87.60117440816522 ,"(41.8892867399, -87.7050619661)"
Asian Human Services - Passages Charter School,6850, 41.98337143642813,-87.67116041959069 ,"(41.9833988715, -87.6711611724)"
Crispus Attucks Elementary School,2100, 41.80211260680937,-87.62578338610683 ,"(42.0101225919, -87.6844396327)"
John J Audubon Elementary School,2110, 41.945062225026966,-87.68104105326039 ,"(41.9160453773, -87.7217055907999)"
Avalon Park Elementary School,2130, 41.748246994406024,-87.59165381066411 ,"(41.9450628176999, -87.6810043046999)"
Mariano Azuela Elementary School,8660, 41.77107907304825,-87.73992023347101 ,"(42.0029587617, -87.7058804165999)"
Alice L Barnard Computer Math & Science Ctr ES,2150, 41.70513101172685,-87.65807422421867 ,"(41.8678330978, -87.6803808588999)"
John Barry Elementary School,2160, 41.932510583541145,-87.73938835131963 ,"(41.74824651, -87.5916904494)"
Clara Barton Elementary School,2170, 41.754193850494374,-87.67092712893017 ,"(41.7051391774, -87.6580392631999)"
Perkins Bass Elementary School,2180, 41.774246450896506,-87.65353241973901 ,"(41.9325112439, -87.7393516116)"
Newton Bateman Elementary School,2190, 41.95821983935837,-87.70215096221916 ,"(41.7541944450999, -87.6708904894999)"
Daniel C Beard Elementary School,4950, 41.970124882818354,-87.7896303312866 ,"(41.8444275991, -87.6413402081)"
Edward Beasley Elementary Magnet Academic Center,6660, 41.79846496021468,-87.6256915786754 ,"(41.8729124425999, -87.7533255674999)"
Jean Baptiste Beaubien Elementary School,2240, 41.97239394518009,-87.75756503952019 ,"(41.9711409283999, -87.7097007456)"
Ludwig Van Beethoven Elementary School,6540, 41.80913475789258,-87.62713680532485 ,"(41.9150378914999, -87.7003170428999)"
Jacob Beidler Elementary School,2250, 41.88532104046794,-87.70585481253717 ,"(41.8678117612, -87.7704542241)"
Hiram H Belding Elementary School,2260, 41.95893849417326,-87.7340197291338 ,"(41.9723932563999, -87.7576018010999)"
Alexander Graham Bell Elementary School,2270, 41.949529799045145,-87.68601824452615 ,"(41.8853484787, -87.7058553743)"
Belmont-Cragin Elementary School,3390, 41.920150047038405,-87.75684290346346 ,"(41.8507709758, -87.7051487741999)"
Frank I Bennett Elementary School,2280, 41.710434949606494,-87.61739045569578 ,"(41.9589380489999, -87.7340564895999)"
Robert A Black Magnet Elementary School,7860, 41.72969236172512,-87.57664295132463 ,"(41.8144992256999, -87.6083820914)"
James G Blaine Elementary School,2300, 41.950780518746996,-87.66496784430818 ,"(41.9495303969, -87.6859814939)"
Blair Early Childhood Center,4990, 41.77655627015667,-87.79060442493098 ,"(41.6971428943, -87.6972778573999)"
Carrie Jacobs Bond Elementary School,6550, 41.76536056668392,-87.65301778635454 ,"(41.906791341, -87.7671061240999)"
Daniel Boone Elementary School,2320, 42.00341160771439,-87.69746282200741 ,"(41.7104344974, -87.6174270740999)"
Edward A Bouchet Math & Science Academy ES,2430, 41.76084748107714,-87.57607485767996 ,"(41.8829974809999, -87.6706456816999)"
Myra Bradwell Communications Arts & Sciences ES,2340, 41.75436513223218,-87.55714197049453 ,"(42.0034120328, -87.6974260358)"
Joseph Brennemann Elementary School,6600, 41.95998415558951,-87.6497491648478 ,"(41.7653611216, -87.6529811393999)"
Lorenz Brentano Math & Science Academy ES,2370, 41.93096609655106,-87.69629419836072 ,"(41.753429756, -87.7087305671)"
Norman A Bridge Elementary School,2380, 41.9491143867471,-87.7986689200339 ,"(41.6866593004, -87.6336687353999)"
Orville T Bright Elementary School,2390, 41.69972622174497,-87.56208422941677 ,"(41.930965409, -87.6963309356)"
Brighton Park Elementary School,7470, 41.823900000855616,-87.6920769295046 ,"(41.6722819706999, -87.6505377414)"
Bronzeville Lighthouse Charter Elementary School,3990, 41.81927661121183,-87.62662180147294 ,"(41.8192491733, -87.6266211796999)"
Ronald Brown Elementary Community Academy,5040, 41.66487335020802,-87.63895772498718 ,"(41.9501051908, -87.7168324768999)"
William H Brown Elementary School,2400, 41.8829967847415,-87.6706823910512 ,"(41.9491153741999, -87.7986321844999)"
Charles S Brownell Elementary School,2410, 41.77162036005252,-87.62174596862063 ,"(41.6997265279999, -87.5620476155)"
Milton Brunson Math & Science Specialty ES,2550, 41.897662572094205,-87.7656056579403 ,"(41.9123853466999, -87.6686611344999)"
Lyman A Budlong Elementary School,2440, 41.97575433070856,-87.6965560322374 ,"(41.7716197534999, -87.6217826171999)"
Luther Burbank Elementary School,2450, 41.91759813794979,-87.7826995703658 ,"(41.7608470308, -87.5761115040999)"
Edmond Burke Elementary School,2460, 41.796759564093136,-87.61614052409718 ,"(41.9757817704999, -87.6965564098999)"
Augustus H Burley Elementary School,2470, 41.93793747421322,-87.66985312359844 ,"(41.9175974811, -87.7827363014999)"
Burnham Elementary Inclusive Academy,2480, 41.71440206280562,-87.56713059140394 ,"(41.7967601153999, -87.6161038592999)"
Burnside Elementary Scholastic Academy,2520, 41.72848063864711,-87.60743532151142 ,"(41.7144023589, -87.5670939688999)"
Jonathan Burr Elementary School,2530, 41.91235790842861,-87.66866060399342 ,"(41.8454504739, -87.7148903217999)"
John C Burroughs Elementary School,2540, 41.828867907603865,-87.69245662873759 ,"(41.7284532011, -87.6074346425999)"
Michael M Byrne Elementary School,2570, 41.79503096522182,-87.79154448271657 ,"(41.8288685081, -87.6924199474999)"
Charles P Caldwell Academy of Math & Science ES,2580, 41.739226355596244,-87.58072902768997 ,"(41.8976633373, -87.7655689422)"
Calmeca Academy of Fine Arts and Dual Language,7880, 41.82437732781906,-87.7116536402093 ,"(41.7296918101, -87.5766795780999)"
Daniel R Cameron Elementary School,2610, 41.90379211837752,-87.71792663527239 ,"(41.7392267608, -87.5806923922999)"
Marvin Camras Elementary School,8600, 41.934930622963975,-87.77012725780791 ,"(41.9213167949, -87.7658172998)"
Arthur E Canty Elementary School,2620, 41.948007028237804,-87.82929570056224 ,"(41.843698967, -87.7172822713999)"
Lazaro Cardenas Elementary School,4320, 41.848487770816014,-87.71601740711418 ,"(41.9045302028999, -87.714234223)"
Andrew Carnegie Elementary School,2630, 41.78336832375731,-87.59079500879852 ,"(41.9037928007999, -87.7178899134)"
Carroll-Rosenwald Specialty Elementary School,2650, 41.74251662700824,-87.69601207552847 ,"(41.9480078441999, -87.8292589577)"
Rachel Carson Elementary School,2660, 41.79327214439986,-87.68779954329426 ,"(41.7833408827, -87.5907952823999)"
William W Carter Elementary School,2670, 41.78982790556688,-87.62245275221274 ,"(41.7425440633999, -87.6960128148)"
George Washington Carver Primary School,2690, 41.653702116053246,-87.59951563228815 ,"(41.7932727028, -87.6877628807999)"
Pablo Casals Elementary School,4290, 41.90450276496282,-87.71423364691857 ,"(41.80430753, -87.5904675076999)"
George F Cassell Elementary School,2720, 41.687347055472344,-87.70321548850967 ,"(41.6537295317, -87.5995172413)"
Rosario Castellanos Elementary School,2510, 41.8454498793978,-87.71492701373938 ,"(41.9379100362, -87.6698525239)"
Catalyst Elementary School - Circle Rock,4371, 41.88232222150662,-87.76532197834266 ,"(41.8822947832, -87.7653213759)"
Catalyst Charter ES - Howland,4370, 41.85855328866023,-87.7076985188332 ,"(41.8585191307, -87.7079522422999)"
Catalyst-Maria Charter School,9032, 41.770991719098475,-87.69307532227394 ,"(41.7709914514, -87.6931119781)"
Willa Cather Elementary School,6730, 41.88294992497454,-87.69918700860174 ,"(41.7940486788, -87.6902241785)"
Thomas Chalmers Specialty Elementary School,2740, 41.86643525254971,-87.69525936895282 ,"(41.6873478587, -87.7031788941999)"
Eliza Chappell Elementary School,2750, 41.97589430091326,-87.6832635915745 ,"(41.952782075, -87.6509792475)"
Salmon P Chase Elementary School,2760, 41.91799265334613,-87.6945622511329 ,"(41.8664626921, -87.6952597994999)"
Cesar E Chavez Multicultural Academic Center ES,5640, 41.80714283127736,-87.66603693387908 ,"(41.7641684246, -87.6001763903)"
Chicago Academy Elementary School,6670, 41.943055919845534,-87.77818680320907 ,"(41.8903679065, -87.7677051698999)"
Chicago Charter Collegiate HS,9618, 41.67931844283862,-87.61796787116381 ,"(41.9741306203, -87.6598817725)"
Frederic Chopin Elementary School,2770, 41.89671268933644,-87.68893676227361 ,"(41.9759217356999, -87.6832643768999)"
Walter S Christopher Elementary School,2780, 41.80165862466598,-87.68560700279136 ,"(41.9179714041, -87.6945855009)"
Chicago Intl Charter - Avalon / South Shore,6580, 41.74317942082191,-87.58792764106879 ,"(41.7432068598999, -87.5879281634999)"
Chicago Intl Charter - Basil,7130, 41.79404286409502,-87.67024265743187 ,"(41.7940154237999, -87.6702422406)"
Chicago Intl Charter - Bucktown,4910, 41.922414630258146,-87.68135796457504 ,"(41.9224139085999, -87.6813946958999)"
Chicago Intl Charter - Irving Park,4913, 41.950891275251905,-87.71049242868855 ,"(41.9508918586, -87.7104556764)"
Chicago Intl Charter - Lloyd Bond,8049, 41.65366345036196,-87.60503910220879 ,"(41.6536675747999, -87.6050029272)"
Chicago Intl Charter - Loomis Primary,4914, 41.7202464236384,-87.6575610581237 ,"(41.7202458541, -87.6575976791999)"
Chicago Intl Charter - Prairie,4220, 41.68443303904943,-87.61688838205525 ,"(41.6844332328999, -87.616851775)"
Chicago Intl Charter - Washington Park,2290, 41.783616846957266,-87.62206845448584 ,"(41.7836163451, -87.6221051128)"
Chicago Intl Charter - West Belden,7120, 41.921687495626934,-87.77674853907035 ,"(41.9216867612, -87.7767852699)"
Chicago Intl Charter - Wrightwood,3180, 41.745365451015516,-87.6926143989889 ,"(41.7453659878, -87.6925777632)"
Claremont Academy Elementary School,7830, 41.777510508201864,-87.68106119709638 ,"(41.9067883751, -87.6830491568999)"
George Rogers Clark Elementary School,2230, 41.86781256847059,-87.77041752681555 ,"(41.7849435752999, -87.6474162115)"
Henry Clay Elementary School,2790, 41.65455814892288,-87.5446135978302 ,"(41.8966852495999, -87.6889362884)"
Grover Cleveland Elementary School,2800, 41.95204212187962,-87.70644252561287 ,"(41.8016591761999, -87.6855703355)"
DeWitt Clinton Elementary School,2810, 41.99254136051501,-87.69835995455804 ,"(41.6545581863, -87.5446501887)"
Henry R Clissold Elementary School,2820, 41.693026006788244,-87.68089678721856 ,"(41.9520695634999, -87.7064426106)"
Johnnie Colemon Elementary Academy,6170, 41.67750544717283,-87.65811083829139 ,"(41.8923771766, -87.6737219217999)"
Edward Coles Elementary Language Academy,2830, 41.74141280743846,-87.56596977128596 ,"(41.9925420177, -87.6983231804999)"
Columbia Explorers Elementary Academy,5860, 41.811068609683254,-87.70419859056284 ,"(41.9304025456, -87.7612272034999)"
Christopher Columbus Elementary School,2850, 41.8995657758234,-87.68193804939365 ,"(41.6929985709999, -87.6808959585)"
John W Cook Elementary School,2860, 41.74523702179156,-87.6597745902765 ,"(41.7414125294, -87.56600641)"
John C Coonley Elementary School,2880, 41.955553195108415,-87.68376530038417 ,"(41.7452375451999, -87.6597379541999)"
Peter Cooper Elementary Dual Language Academy,2890, 41.856031192520845,-87.6672270843215 ,"(42.0170874948999, -87.6777257186)"
Daniel J Corkery Elementary School,2910, 41.84560242260817,-87.73119286518298 ,"(41.8560037542999, -87.6672264774)"
Mary E Courtenay Elementary Language Arts Center,7910, 41.962307772432105,-87.66385296301961 ,"(41.8243498917, -87.7116528769)"
Crown Community Academy of Fine Arts Center ES,2940, 41.8526634881361,-87.71247015109812 ,"(41.6881633985999, -87.6856760346999)"
Paul Cuffe Math-Science Technology Academy ES,4090, 41.742451627580586,-87.65363344756491 ,"(41.8936129063, -87.7593616693)"
Countee Cullen Elementary School,4100, 41.700335141901945,-87.6112444583101 ,"(41.7333371196, -87.5682647274)"
George W Curtis Elementary School,3160, 41.68541840038957,-87.62165260768882 ,"(41.7743930167, -87.7079518381)"
Richard J Daley Elementary Academy,6560, 41.8023428683119,-87.67220640190209 ,"(41.8091621881999, -87.6271378500999)"
Charles R Darwin Elementary School,2960, 41.92332271787146,-87.70541291324925 ,"(41.8526641707999, -87.7124334580999)"
Sir Miles Davis Magnet Elementary Academy,7000, 41.77122111179404,-87.66652988365753 ,"(41.8852126906, -87.7632855866999)"
Nathan S Davis Elementary School,2970, 41.82185161501595,-87.70020216056176 ,"(41.9737422185, -87.8410417412)"
Charles Gates Dawes Elementary School,2980, 41.74507775217972,-87.71735342381503 ,"(41.9232952786, -87.7054124004999)"
Oscar DePriest Elementary School,8050, 41.877978833659135,-87.766297554912 ,"(41.6537055394, -87.6143199053999)"
Stephen Decatur Classical Elementary School,2990, 42.00928855749518,-87.70461859276938 ,"(41.8218241804, -87.7002013065)"
Charles S Deneen Elementary School,3010, 41.76249026457508,-87.62334458913149 ,"(41.7450503159999, -87.7173526310999)"
Robert Nathaniel Dett Elementary School,6740, 41.87986982130522,-87.68031496688388 ,"(41.9013896984, -87.6337299209999)"
William E Dever Elementary School,3020, 41.942551669903125,-87.81313152493232 ,"(42.009288152, -87.7045818029999)"
Dewey Elementary Academy of Fine Arts,3030, 41.795645683830024,-87.6426515781214 ,"(41.7624907514, -87.6233079426999)"
Jose De Diego Elementary Community Academy,7420, 41.905293853823764,-87.68575620335822 ,"(41.8835687675, -87.6694399965)"
Everett McKinley Dirksen Elementary School,2950, 41.97371477784984,-87.84104144205814 ,"(41.8560561577, -87.6579809592)"
Walt Disney Magnet Elementary School,8000, 41.9568161311817,-87.64608274383085 ,"(41.8481615496, -87.6990540931)"
Disney II Magnet School,8045, 41.950460505807186,-87.73067837578635 ,"(41.7815051900999, -87.6350153384999)"
Arthur Dixon Elementary School,3040, 41.743669242191366,-87.60997887509087 ,"(41.9425523928, -87.8130947818)"
Mary Mapes Dodge Elementary Renaissance Academy,3050, 41.889184175654265,-87.70379373543253 ,"(41.7956451036, -87.6426882418)"
James R Doolittle Jr Elementary School,3070, 41.83112062918387,-87.6122745425369 ,"(41.743669914, -87.6099422444)"
John C Dore Elementary School,3080, 41.78095446429405,-87.78760442136841 ,"(41.8892867399, -87.7050619661)"
John B Drake Elementary School,3100, 41.844043313288154,-87.62855344679393 ,"(41.8311466143, -87.6129585266999)"
Thomas Drummond Elementary School,3120, 41.91591380223775,-87.67449459920272 ,"(41.8440435791, -87.6285167492)"
William E B Dubois Elementary School,8010, 41.65373298187564,-87.61432001022517 ,"(41.7156648237999, -87.639342088)"
John Foster Dulles Elementary School,6860, 41.77990049418089,-87.61721417932426 ,"(41.8173367293, -87.5990993611)"
Dunne Technology Academy,6050, 41.69649616388577,-87.6399736047063 ,"(41.8481615496, -87.6990540931)"
Durkin Park Elementary School,7870, 41.73884394132675,-87.72995529263605 ,"(41.7774830727, -87.6810603942)"
Dvorak Technology Academy,6760, 41.858883446918554,-87.71574357132832 ,"(41.8829224859, -87.6991865078999)"
Amelia Earhart Options for Knowledge ES,7450, 41.72610745594225,-87.58218173800742 ,"(41.9052932887, -87.68579293)"
Charles W Earle Elementary School,3130, 41.781225173053805,-87.67554666057482 ,"(41.7255983283999, -87.6301308543999)"
John F Eberhart Elementary School,3140, 41.77442045236846,-87.70795263404564 ,"(41.9159412364999, -87.6744954435)"
Christian Ebinger Elementary School,3150, 42.00440792166091,-87.81116978457902 ,"(41.7811977309999, -87.6755465061)"
Edgebrook Elementary School,3170, 41.999436833665804,-87.76184047493662 ,"(42.0043805074, -87.8111681482999)"
Edison Park Elementary School,2085, 41.9942379501437,-87.81377123423147 ,"(41.9029149767, -87.6736593053999)"
Thomas A Edison Regional Gifted Center ES,2220, 41.97150609695558,-87.70930366601418 ,"(41.9582204769999, -87.7021142077)"
Richard Edwards Elementary School,3200, 41.80554154017704,-87.72585617780213 ,"(41.9994135064999, -87.7618598507)"
Edward K Ellington Elementary School,3220, 41.885529580631264,-87.7665893774387 ,"(41.6694433863, -87.6343421115)"
Leif Ericson Elementary Scholastic Academy,3240, 41.87574412320104,-87.71580443125494 ,"(41.8055409109, -87.7258928458)"
Erie Elementary Charter School,5780, 41.906770635439514,-87.69436444553965 ,"(41.9067715451, -87.6944011607999)"
Esmond Elementary School,3250, 41.68941960670054,-87.66915866971293 ,"(41.8855286527, -87.7666260797)"
Edward Everett Elementary School,3260, 41.831555161171295,-87.68131030396447 ,"(41.8757184103, -87.7157916041)"
Medgar Evers Elementary School,7990, 41.71566535811086,-87.63930546860912 ,"(41.9623079615, -87.6638161965999)"
Fairfield Elementary Academy,4660, 41.78090389859733,-87.6921150640829 ,"(41.8796861539999, -87.7080913629)"
Laughlin Falconer Elementary School,3270, 41.93578457421183,-87.7493306250851 ,"(41.689444885, -87.6691444201999)"
Michael Faraday Elementary School,4640, 41.879713591558684,-87.70809201986565 ,"(41.7738817425999, -87.6969931513999)"
James B Farnsworth Elementary School,3280, 41.97979005586698,-87.76607165769727 ,"(41.8315545761999, -87.6813469881)"
Fernwood Elementary School,3330, 41.71118362266995,-87.6404136460056 ,"(41.935785391, -87.7492938896999)"
Eugene Field Elementary School,3350, 42.00966385527161,-87.66998540120437 ,"(41.9797896794, -87.7660348842999)"
William F Finkl Elementary School,3760, 41.8492149059004,-87.68566784313633 ,"(41.8072410102999, -87.6612113302)"
John Fiske Elementary School,3360, 41.785182816749966,-87.60863289676954 ,"(41.7111830719999, -87.6404502625999)"
Fort Dearborn Elementary School,3400, 41.72967267505925,-87.6554811603943 ,"(41.847923463, -87.6966300867999)"
Foster Park Elementary School,3430, 41.73842547780772,-87.66809931188477 ,"(41.8711794585999, -87.7008560608)"
Franklin Elementary Fine Arts Center,3420, 41.906599990449884,-87.63551281029522 ,"(41.7296720889, -87.6555177861)"
Frazier Preparatory Academy Elementary School,6650, 41.86207686420526,-87.71764197611792 ,"(41.8670136515, -87.7263136989)"
Frazier Prospective IB Magnet ES,5850, 41.86697962723388,-87.7272443785774 ,"(41.8852126906, -87.7632855866999)"
Melville W Fuller Elementary School,3440, 41.81800340374355,-87.61178404273244 ,"(41.9066274258, -87.6355135817999)"
Robert Fulton Elementary School,3450, 41.79758027117526,-87.66843588138876 ,"(41.7384260114, -87.6680626795999)"
Frederick Funston Elementary School,3460, 41.91761651439109,-87.7168916649345 ,"(41.8180037322999, -87.6117473613)"
Galapagos Elementary Charter School,5840, 41.89731302504434,-87.72195903870256 ,"(41.8972855852999, -87.7219585897999)"
Stephen F Gale Elementary Community Academy,3480, 42.02109055814915,-87.67193897605307 ,"(41.7975811709, -87.6683992287999)"
Galileo Math & Science Scholastic Academy ES,4160, 41.871254824347325,-87.6533655527328 ,"(41.8605451761999, -87.7317780215)"
Matthew Gallistel Elementary Language Academy,3490, 41.70680099982409,-87.53517530620321 ,"(41.9176169982999, -87.7168549296)"
Marcus Moziah Garvey Elementary School,5420, 41.706602859498176,-87.6475771653251 ,"(41.8365273014999, -87.6183009625)"
John W Garvy Elementary School,3510, 41.97635166416263,-87.79623511346946 ,"(42.0211179478, -87.6719367283999)"
Joseph E Gary Elementary School,3520, 41.83706515212115,-87.71869663523354 ,"(41.7068010763999, -87.5352119264999)"
Frank L Gillespie Elementary School,3530, 41.72533227949612,-87.62371943794665 ,"(41.9763519836999, -87.7962718868)"
Academy for Global Citizenship Elementary School,2025, 41.807578507967094,-87.74009743613836 ,"(41.8076059453999, -87.7400981239999)"
Johann W von Goethe Elementary School,3560, 41.922831007689666,-87.6928996957519 ,"(41.7253316277, -87.6237560589)"
Samuel Gompers Fine Arts Options ES,3570, 41.67061754018416,-87.62254566112398 ,"(41.7606146364, -87.6759288684)"
William C Goudy Elementary School,3590, 41.975816530624726,-87.65791249293737 ,"(41.6706183116, -87.6225090757999)"
Alexander Graham Elementary School,3600, 41.81330372954103,-87.64334423528281 ,"(41.6624809618, -87.5532701145999)"
William P Gray Elementary School,3620, 41.948763579648976,-87.75711559878036 ,"(41.975817005, -87.6578757241999)"
Horace Greeley Elementary School,2730, 41.95280951233409,-87.65097986912645 ,"(41.6573775278, -87.6064739047999)"
Wendell E Green Elementary School,4410, 41.71929194806672,-87.65250013965985 ,"(41.9088853380999, -87.6651299935)"
Nathanael Greene Elementary School,3650, 41.829669281787375,-87.67149236977632 ,"(41.8387910078999, -87.7171536303)"
John Milton Gregory Elementary School,3660, 41.870742162889094,-87.71866612874993 ,"(41.8113891193, -87.5985199032)"
Walter Q Gresham Elementary School,3670, 41.738920158149604,-87.64502523785522 ,"(41.8296687010999, -87.671529053)"
Robert L Grimes Elementary School,3680, 41.77546426181999,-87.75880329372353 ,"(41.8707696035, -87.7186664556)"
Virgil Grissom Elementary School,3580, 41.66248099896203,-87.55330670973798 ,"(41.9228315041999, -87.6928629573999)"
Frank W Gunsaulus Elementary Scholastic Academy,3690, 41.813007370292176,-87.69936418517861 ,"(41.7389207188, -87.6449886067999)"
John Charles Haines Elementary School,3700, 41.84995831581532,-87.63380633150742 ,"(41.7754368287, -87.7588023429999)"
Nathan Hale Elementary School,3710, 41.78019173234117,-87.77657870911844 ,"(41.8130081401999, -87.6993275181)"
Alex Haley Elementary Academy,2360, 41.68665997049498,-87.6336321364016 ,"(41.7543655977, -87.5571053283999)"
Alexander Hamilton Elementary School,3730, 41.945219654610455,-87.67086537347177 ,"(41.7801925142999, -87.7765420608999)"
John H Hamline Elementary School,3740, 41.80724155794065,-87.66117465941865 ,"(41.7437550054999, -87.5518251674999)"
Charles G Hammond Elementary School,3750, 41.85271913479804,-87.69624330058197 ,"(41.9451922208, -87.6708645143999)"
Lionel Hampton Fine & Performing Arts ES,2350, 41.75345719340535,-87.70873128492237 ,"(41.7493387502, -87.6694022909999)"
Hanson Park Elementary School,4770, 41.92395525831387,-87.76151477103915 ,"(41.7345493269, -87.6192510716)"
Bret Harte Elementary School,3780, 41.79344724412813,-87.58685459676883 ,"(41.8492154541999, -87.6856311485999)"
John Harvard Elementary School of Excellence,3800, 41.75734054229414,-87.63273687382494 ,"(41.9148156862, -87.7239678615)"
Helge A Haugan Elementary School,3810, 41.96402870955497,-87.72312803518258 ,"(41.7934198044999, -87.5868541149999)"
Hawthorne Elementary Scholastic Academy,3830, 41.94227548893776,-87.65770887691485 ,"(41.9640291808999, -87.7230912726)"
John Hay Elementary Community Academy,3840, 41.89917135608494,-87.75581325312007 ,"(41.8413945263, -87.7342766391)"
Stephen K Hayt Elementary School,3850, 41.994540886747274,-87.66850377448598 ,"(41.9422748936, -87.657745624)"
Robert Healy Elementary School,3880, 41.83959485626091,-87.6403407500606 ,"(41.7733652276999, -87.5944286525)"
Phobe Apperson Hearst Elementary School,3890, 41.80817500025469,-87.74572605723584 ,"(41.7075301817, -87.6046595946999)"
James Hedges Elementary School,3900, 41.807112131998174,-87.67332725936151 ,"(41.8395953763999, -87.6403040601999)"
Helen M Hefferan Elementary School,3910, 41.87866464728026,-87.73580189396158 ,"(41.8081756233, -87.7456893882)"
Charles R Henderson Elementary School,3920, 41.79059128724355,-87.67188730686242 ,"(41.8071115385, -87.6733639292999)"
Thomas A Hendricks Elementary Community Academy,3930, 41.81578775192073,-87.6336644770054 ,"(41.8786920861999, -87.7358023949999)"
Patrick Henry Elementary School,3940, 41.95898879766762,-87.71563237184283 ,"(41.7905918224999, -87.6718506456)"
Ninos Heroes Elementary Academic Center,3720, 41.74375308374468,-87.55186171908194 ,"(41.8499857524999, -87.6338070176999)"
Theodore Herzl Elementary School,3970, 41.862081296788254,-87.71899385397026 ,"(41.9589894447, -87.715595617)"
William G Hibbard Elementary School,4000, 41.97033523527418,-87.71036161363229 ,"(41.8623096504, -87.7182564019)"
Thomas J Higgins Elementary Community Academy,7210, 41.68103137060565,-87.64699403751726 ,"(41.7753060861999, -87.7288476444999)"
William A Hinton Elementary School,7250, 41.765334979958205,-87.64133454022846 ,"(41.7561965021, -87.5796806471999)"
Rufus M Hitch Elementary School,4010, 41.983671696296184,-87.77912305218136 ,"(41.8097698308, -87.6722182678)"
Charles N Holden Elementary School,4020, 41.83802738823858,-87.65379166824142 ,"(41.9703077965, -87.7103610876999)"
Oliver Wendell Holmes Elementary School,4030, 41.79378764949368,-87.64979535585655 ,"(41.9836721371, -87.7791598271)"
Hope Institute Learning Academy,8067, 41.88336202716673,-87.66807694586068 ,"(41.8833345924999, -87.6680761087)"
Julia Ward Howe Elementary School of Excellence,4060, 41.893612211604726,-87.75939838484176 ,"(41.8379999504999, -87.6537910564999)"
Thomas Hoyne Elementary School,4080, 41.73333775261631,-87.56822810112766 ,"(41.7938150868999, -87.6497960333999)"
Charles Evans Hughes Elementary School,4110, 41.860517738413165,-87.73177738698224 ,"(41.7424520757, -87.6535968114999)"
Langston Hughes Elementary School,8060, 41.70534232205133,-87.6298686592155 ,"(41.7161937313, -87.6480077018999)"
Edward N Hurley Elementary School,4120, 41.76678528169472,-87.71954083232336 ,"(41.7003356801999, -87.6112078485)"
Inter-American Elementary Magnet School,4890, 41.94900330071969,-87.65157334175153 ,"(41.9125048318, -87.6969781149999)"
Washington Irving Elementary School,5350, 41.87159549202603,-87.68361565160295 ,"(41.7868947927999, -87.7327031138)"
Andrew Jackson Elementary Language Academy,4690, 41.87429963883125,-87.66098467200842 ,"(41.7809034371, -87.6921517223999)"
Mahalia Jackson Elementary School,8090, 41.7341254726103,-87.64676673419726 ,"(41.8779781522, -87.7663342624999)"
Friedrich Ludwig Jahn Elementary School,4170, 41.93924749698736,-87.67580971886464 ,"(41.766812719, -87.7195415268)"
Minnie Mars Jamieson Elementary School,4180, 41.9846407763159,-87.7005294202332 ,"(41.8712553710999, -87.6533288451999)"
Edward Jenner Elementary Academy of the Arts,4200, 41.90205484166509,-87.64105555982708 ,"(41.9392467536999, -87.6758464594)"
Jensen Elementary Scholastic Academy,6920, 41.87381494789563,-87.70224105281312 ,"(41.7401830131, -87.6012110333)"
James Weldon Johnson Elementary School,6940, 41.861836192143315,-87.70313876235764 ,"(41.9709485695999, -87.6547952135999)"
Scott Joplin Elementary School,2330, 41.749339161801984,-87.66936564977568 ,"(41.950753083, -87.6649670813)"
Jordan Elementary Community School,2870, 42.01708759163853,-87.67776251667244 ,"(41.8995652977, -87.6819747753)"
Joseph Jungman Elementary School,4230, 41.858064777120056,-87.65230159441386 ,"(41.9020539967999, -87.6410922745999)"
Gerald Delgado Kanoon Elementary Magnet School,3370, 41.850771483971116,-87.70511207744183 ,"(42.0096630886, -87.6700221810999)"
Annie Keller Elementary Gifted Magnet School,4960, 41.69717033458099,-87.69727833649985 ,"(41.6957331317, -87.7058465475)"
Joseph Kellman Corporate Community ES,3410, 41.87016771755697,-87.7021629045286 ,"(41.9204833931, -87.7582128207999)"
Kate S Kellogg Elementary School,4240, 41.72526343976682,-87.67723250660754 ,"(41.725271, -87.677275)"
Joshua D Kershaw Elementary School,4270, 41.77645281062659,-87.64089202531562 ,"(41.8479132801, -87.6973148116999)"
Joyce Kilmer Elementary School,4300, 42.00364046286839,-87.66822246667726 ,"(41.7764532854, -87.6408553706999)"
John H Kinzie Elementary School,4330, 41.78996463482958,-87.77948260007388 ,"(42.0036409951, -87.6681856826999)"
Rudyard Kipling Elementary School,4350, 41.72362690598935,-87.6395207214447 ,"(41.8484872493, -87.7160541026999)"
KIPP Ascend Academy Charter Elementary School,7810, 41.85836974406114,-87.7210706466709 ,"(41.8583871238, -87.7212629729999)"
KIPP Charter Create,9605, 41.89181614289089,-87.7466138390458 ,"(41.8922020003999, -87.7472156802)"
Charles Kozminski Elementary Community Academy,4390, 41.798001877991666,-87.60248144761799 ,"(41.7236263954999, -87.6395573453999)"
Anna R. Langford Community Academy,2900, 41.78468086149698,-87.65716920557595 ,"(41.955553803, -87.6837285462)"
Agustin Lara Elementary Academy,3980, 41.80977029727825,-87.67218159318216 ,"(41.8668750427999, -87.6285782988999)"
LaSalle Elementary Language Academy,4420, 41.91389953297225,-87.63756486379565 ,"(41.7979744380999, -87.6024809819)"
LaSalle II Magnet Elementary School,8040, 41.90291445754219,-87.67369603158713 ,"(41.9504605058999, -87.7306783758999)"
Mildred I Lavizzo Elementary School,6260, 41.696262347612304,-87.62714768795534 ,"(41.7990469659999, -87.7588917358999)"
Lawndale Elementary Community Academy,4430, 41.86296002480986,-87.71295678690625 ,"(41.7192645080999, -87.6524996522)"
LEARN  Charter School-South Chicago Campus,8029, 41.73333313318215,-87.54557989246669 ,"(41.7333296560999, -87.5444418175)"
Learn Charter 7 ES,9608, 41.88741028509954,-87.70139734988759 ,"(41.8875163594999, -87.702165851)"
LEARN Charter ES - Romano Butler Campus,6770, 41.86727271425741,-87.71067948017503 ,"(41.8672735103999, -87.7106427835)"
LEARN Charter ES - Charles and Dorothy Campbell,8072, 41.87786063163507,-87.69873872021003 ,"(41.877861125, -87.6987020079999)"
LEARN Charter ES - Excel,6775, 41.87468714119564,-87.68656837091822 ,"(41.8749403599, -87.6862898820999)"
LEARN Charter School - Hunter Perkins,8677, 41.74312177047781,-87.66572105500364 ,"(41.7430943318999, -87.6657204355)"
Richard Henry Lee Elementary School,7170, 41.77530538766534,-87.7288842924784 ,"(41.7423510082, -87.7095730455999)"
Legacy Charter Elementary School,5870, 41.85685915858964,-87.73034814817423 ,"(41.8569071431, -87.7304697444999)"
George Leland Elementary School,7320, 41.87358678059433,-87.74927555443684 ,"(41.7488956623, -87.6347512637999)"
Lenart Elementary Regional Gifted Center,7240, 41.74718591848971,-87.62804036297216 ,"(41.6810320403, -87.6469574422)"
Leslie Lewis Elementary School,4450, 41.90682605055676,-87.75454995047971 ,"(41.913900173, -87.6375281346)"
Arthur A Libby Elementary School,4470, 41.79768483258941,-87.65993281739074 ,"(41.8629325866999, -87.7129561530999)"
Abraham Lincoln Elementary School,4480, 41.924524816547134,-87.64449730364142 ,"(41.9068255735, -87.7545866804999)"
Little Village Elementary School,2590, 41.84369811861245,-87.71731895282397 ,"(41.795030382, -87.7915811457999)"
Henry D Lloyd Elementary School,4500, 41.91881409630328,-87.74851501330687 ,"(41.9245522509, -87.6444981344999)"
Alain Locke Charter Elementary Academy,4730, 41.87724835299213,-87.70523452625956 ,"(41.8772757921, -87.7052350035999)"
Josephine C Locke Elementary School,4510, 41.93176235449164,-87.79560407070099 ,"(41.9400085349999, -87.7026714153)"
Logandale Middle School,7560, 41.933970196160615,-87.70804087663461 ,"(41.9519884365999, -87.7202837620999)"
Federico Garcia Lorca Elementary School,8330, 41.940025913762256,-87.7247831231648 ,"(41.9050816855, -87.6448406240999)"
Joseph Lovett Elementary School,4530, 41.91271802720463,-87.78391884722303 ,"(41.9188136642, -87.7485517509999)"
James Russell Lowell Elementary School,4540, 41.906519591635934,-87.71021700219954 ,"(41.9317629597, -87.7955673303)"
Rodolfo Lozano Bilingual & International Ctr ES,4380, 41.90888612804594,-87.66509327248652 ,"(41.7897225962, -87.7791785902)"
Mary Lyon Elementary School,4560, 41.93419216300226,-87.77717419854974 ,"(41.9127454659, -87.7839193927)"
James Madison Elementary School,4570, 41.759548060524274,-87.5907123954885 ,"(41.9064921535999, -87.7102163819999)"
George Manierre Elementary School,4580, 41.9082468827221,-87.63982651308685 ,"(41.9341914723, -87.7772109386)"
Horace Mann Elementary School,4610, 41.748274127957686,-87.57481563757929 ,"(41.9082475200999, -87.6397897875)"
Marquette Elementary School,4620, 41.77388108026705,-87.69702979965113 ,"(41.9204833931, -87.7582128207999)"
John L Marsh Elementary School,4630, 41.716588014883484,-87.55248342632741 ,"(41.7482744912, -87.5747789970999)"
Roswell B Mason Elementary School,4650, 41.85686370074595,-87.7316724333118 ,"(41.7165883935999, -87.5524468039999)"
Oscar F Mayer Elementary School,4680, 41.92320352252891,-87.65728743866168 ,"(41.8569071431, -87.7304697444999)"
Benjamin E Mays Elementary Academy,7150, 41.772727497775875,-87.6372773472135 ,"(42.0077300036, -87.6731692638999)"
Sharon Christa McAuliffe Elementary School,3770, 41.91481634188913,-87.72393113191947 ,"(41.8527465737999, -87.6962438184)"
George B McClellan Elementary School,4710, 41.829992863263946,-87.64110257491757 ,"(41.9232041885, -87.6572507048)"
Cyrus H McCormick Elementary School,4720, 41.8422671656938,-87.70630009243725 ,"(41.8742722042999, -87.6609838427)"
John T McCutcheon Elementary School,6910, 41.970949083243816,-87.65475844817315 ,"(41.7798999846, -87.6172508357999)"
James E McDade Elementary Classical School,4750, 41.734549908472914,-87.61921444333606 ,"(41.8422679111, -87.7062634082)"
Mary E McDowell Elementary School,7390, 41.73313231367912,-87.58958949896115 ,"(41.8735875291, -87.7492388514999)"
Francis M McKay Elementary School,4760, 41.76814276495704,-87.69178650238207 ,"(41.7754233487, -87.6093938647999)"
Ronald E McNair Elementary School,7040, 41.89781906972582,-87.74673077897367 ,"(41.7606731545999, -87.6067543902999)"
James B McPherson Elementary School,4800, 41.967846868166774,-87.67628825270492 ,"(41.7681425334, -87.6918231573999)"
Genevieve Melody Elementary School,7190, 41.8787989323195,-87.72466123098404 ,"(41.7727093812, -87.6372498126)"
Ralph H Metcalfe Elementary Community Academy,3190, 41.66944402277346,-87.63430552145294 ,"(41.6853909609, -87.6216520739999)"
Arnold Mireles Elementary Academy,5880, 41.7317169165631,-87.55278794402584 ,"(41.8103337502, -87.6687353374999)"
Ellen Mitchell Elementary School,4840, 41.892082166407505,-87.68318458646219 ,"(41.9239826925999, -87.7615156173)"
Irvin C Mollison Elementary School,6950, 41.81435828347046,-87.61661794439756 ,"(41.8737875077, -87.7022406164)"
James Monroe Elementary School,4850, 41.92998860360443,-87.71922375120047 ,"(41.9678474245, -87.6762514904999)"
Moses Montefiore Special Elementary School,4860, 41.86472415436003,-87.66644423138247 ,"(41.8921096003999, -87.6831854338999)"
The Montessori School of Englewood Charter,9033, 41.77457160262817,-87.67614672702379 ,"(41.7741643482, -87.6750599476)"
Bernhard Moos Elementary School,4870, 41.91250548373557,-87.69694138663807 ,"(41.9300160379999, -87.7192245682)"
Donald Morrill Math & Science Elementary School,4880, 41.7843132819938,-87.68854925559245 ,"(41.8647245887, -87.6664075250999)"
Morton School of Excellence,6800, 41.88917813488959,-87.70510783022301 ,"(41.8589108874, -87.7157439170999)"
Mount Greenwood Elementary School,4940, 41.69573386249031,-87.70580994529541 ,"(41.9490307347999, -87.6515741720999)"
Mount Vernon Elementary School,4980, 41.70195211745439,-87.64765248640497 ,"(41.9701523222, -87.7896307864999)"
Wolfgang A Mozart Elementary School,5000, 41.920909649611396,-87.72188814417129 ,"(41.7019527765, -87.647615879)"
John B Murphy Elementary School,5020, 41.950077753630396,-87.71683185493278 ,"(41.776583707, -87.7906051502999)"
Phillip Murray Elementary Language Academy,5030, 41.79853548497233,-87.59334040588693 ,"(41.9209102466, -87.7218514096)"
Namaste Charter Elementary School,7920, 41.825699759997775,-87.6677240431499 ,"(41.8256990471, -87.6677607193999)"
Henry H Nash Elementary School,5050, 41.891809750973515,-87.74793587859759 ,"(41.7985350753, -87.5933770745999)"
National Teachers Elementary Academy,6480, 41.85279977036904,-87.62930833004597 ,"(41.9070804401999, -87.6777617715)"
Jane A Neil Elementary School,5060, 41.73840659489358,-87.62093345477525 ,"(41.6648727374999, -87.6389943132)"
Louis Nettelhorst Elementary School,5070, 41.941636554791124,-87.6445612217499 ,"(41.8922020003999, -87.7472156802)"
New Field Elementary School,7060, 42.007702571152386,-87.67316832831048 ,"(41.7603154703, -87.5568187039)"
William K New Sullivan Elementary School,6100, 41.74382852457314,-87.5429276084748 ,"(41.9953581505, -87.6848295525)"
Walter L Newberry Math & Science Academy ES,5080, 41.91394721765941,-87.64599025175156 ,"(41.7384060372, -87.6209700858999)"
Nicholson Technology Academy,2200, 41.78494238024299,-87.64745284218537 ,"(41.7742190124, -87.6535318037)"
Florence Nightingale Elementary School,5090, 41.79771437899785,-87.68913886411549 ,"(41.9416372614999, -87.6445244788999)"
William P Nixon Elementary School,5100, 41.91958145323894,-87.73142009140325 ,"(41.9139197798999, -87.6459896191999)"
Kwame Nkrumah Academy Elementary School,2055, 41.69804048846774,-87.63105814842866 ,"(41.698021, 87.631063)"
Alfred Nobel Elementary School,5110, 41.90615515344373,-87.72995463212953 ,"(41.7977149353, -87.6891021991)"
North River Elementary School,7890, 41.961721056992225,-87.70715072857843 ,"(41.7388432822, -87.7299919212999)"
Norwood Park Elementary School,5120, 41.988152506725925,-87.80297944018825 ,"(41.9195808825, -87.7314568265999)"
William B Ogden Elementary School,5150, 41.899976489946404,-87.62929656995749 ,"(41.9881325586, -87.8029541813999)"
Richard J Oglesby Elementary School,5170, 41.75467006329084,-87.64546949679277 ,"(41.9069064975999, -87.7324798199)"
Isabelle C O'Keeffe Elementary School,5180, 41.768602312333435,-87.57280595520469 ,"(41.8999764896, -87.6292965702999)"
William J Onahan Elementary School,5190, 41.99379035005529,-87.79310825558277 ,"(41.7546705687, -87.6454328546)"
Oriole Park Elementary School,5200, 41.97850137665319,-87.81205403932091 ,"(41.7686028940999, -87.5727693081)"
Orozco Fine Arts & Sciences Elementary School,7610, 41.85775481003246,-87.67521045905065 ,"(41.7337060934999, -87.5577592350999)"
Josefa Ortiz De Dominguez Elementary School,3630, 41.83879052052434,-87.71719032063734 ,"(41.8133044604999, -87.6433075667)"
James Otis Elementary School,5220, 41.891806082255506,-87.66542623611423 ,"(41.9785009929, -87.8120172661)"
Luke O'Toole Elementary School,5230, 41.774571073888666,-87.674864999934 ,"(41.900140258, -87.7312238732999)"
William Bishop Owen Scholastic Academy ES,5240, 41.74284992222829,-87.70574908733956 ,"(41.8918055749999, -87.6654629566999)"
John Palmer Elementary School,5260, 41.973289393548576,-87.73921294531708 ,"(41.7428493855, -87.7057857222)"
Park Manor Elementary School,5290, 41.76647654366857,-87.61154559294427 ,"(41.9732888376999, -87.7392497114999)"
Francis W Parker Elementary Community Academy,5270, 41.77077979589718,-87.63408585642215 ,"(41.8273827043, -87.6197802794)"
Parkside Elementary Community Academy,5300, 41.7685551905868,-87.58295438327976 ,"(41.7707911322999, -87.6352295467)"
Louis Pasteur Elementary School,5310, 41.78689537715725,-87.73266645508888 ,"(41.7664760122, -87.6115822409)"
Ferdinand Peck Elementary School,5340, 41.787898970815384,-87.71921626098701 ,"(41.7685557097, -87.5829177340999)"
Helen Peirce International Studies ES,5360, 41.98345579260179,-87.66585003641742 ,"(41.787871535, -87.7192154677999)"
William Penn Elementary School,5370, 41.85837242013085,-87.72238554795227 ,"(41.8715949308, -87.6836523588)"
Manuel Perez Elementary School,2930, 41.856028723222444,-87.65798012816259 ,"(41.845603033, -87.7311561742999)"
John J Pershing Elementary Humanities Magnet,5400, 41.836526953644125,-87.61833765412555 ,"(41.7285346238, -87.5962199891999)"
Mary Gage Peterson Elementary School,5410, 41.9815571384021,-87.71258257738653 ,"(41.8481015258999, -87.6807078424999)"
Brian Piccolo Elementary Specialty School,5210, 41.90013965590848,-87.73126059577943 ,"(41.9937629086999, -87.7931081141999)"
Josiah Pickard Elementary School,5430, 41.85290039503307,-87.68329074301202 ,"(41.981557604, -87.7125458043999)"
Pilsen Elementary Community Academy,4210, 41.85884887632038,-87.66220943345982 ,"(41.9846415011, -87.7004926531)"
John T Pirie Fine Arts & Academic Center ES,5440, 41.740340233839476,-87.60789113712316 ,"(41.7066023113999, -87.6476137787999)"
Ambrose Plamondon Elementary School,5450, 41.860258899326375,-87.69252575070831 ,"(41.8529278365, -87.6832907521999)"
Plato Learning Academy Elementary School,2045, 41.87276042876295,-87.76333693223994 ,"(41.872787867, -87.7633375334)"
Edgar Allan Poe Elementary Classical School,5460, 41.70263000166141,-87.60641917381575 ,"(41.7403127991, -87.6078902626999)"
Polaris Charter Academy Elementary School,4150, 41.892550174310884,-87.7077964743336 ,"(41.8925508275999, -87.7077597579)"
Portage Park Elementary School,5490, 41.956987637401745,-87.76100700389269 ,"(41.7026305459, -87.6063825628999)"
Adam Clayton Powell Paideia Community Academy ES,7010, 41.760331800469835,-87.55678924866035 ,"(41.8143577578999, -87.6166546200999)"
William H Prescott Elementary School,5500, 41.92884110071892,-87.66952750369366 ,"(41.8932361946, -87.7187605735)"
Dr Jorge Prieto Math and Science,8023, 41.921317582747385,-87.76578057073853 ,"(41.7677825488, -87.5903965778999)"
A.N. Pritzker School,6460, 41.90705300532361,-87.67776098129679 ,"(41.8400798349999, -87.7255823309999)"
Providence Englewood Charter - Bunche,6700, 41.77536736791468,-87.66399582979243 ,"(41.7753667499, -87.6640324802999)"
Ernst Prussing Elementary School,5510, 41.96561907176977,-87.7724141662568 ,"(41.9569601996999, -87.7610063873)"
Pulaski International School of Chicago,5520, 41.918486278568984,-87.68380143054229 ,"(41.9288136628999, -87.6695269023)"
George M Pullman Elementary School,5530, 41.688819352961836,-87.60943096709843 ,"(41.9656197799999, -87.7723774098)"
Asa Philip Randolph Elementary School,3550, 41.760614127954284,-87.67596551370144 ,"(41.8370377183999, -87.7186957209)"
Ravenswood Elementary School,5550, 41.96074569302817,-87.6709224190248 ,"(41.9184588446999, -87.6838005627)"
William H Ray Elementary School,5560, 41.79234788086451,-87.59475207228131 ,"(41.6888189008, -87.6094675728)"
William C Reavis Math & Science Specialty ES,5580, 41.80417379199363,-87.60492543004906 ,"(41.9607463297, -87.6708856627)"
Frank W Reilly Elementary School,5590, 41.94109399101762,-87.71954054433657 ,"(41.7923473448, -87.5947887349)"
Peter A Reinberg Elementary School,5600, 41.94301889611013,-87.76898261836898 ,"(41.8041463539999, -87.6049248366999)"
Paul Revere Elementary School,5610, 41.76419586468225,-87.60017682376919 ,"(41.9410665521999, -87.7195400127999)"
Jackie Robinson Elementary School,6780, 41.817349327402354,-87.59906677133571 ,"(41.8798972542999, -87.6803158788)"
Philip Rogers Elementary School,5630, 42.015265046200206,-87.69718539353012 ,"(41.9430182808999, -87.7690193657)"
Rowe Elementary School,8077, 41.907797179027376,-87.66407246832698 ,"(41.907797772, -87.6640357412999)"
Wilma Rudolph Elementary Learning Center,7350, 41.88356816854655,-87.66947670901006 ,"(41.8788478048999, -87.6887239489)"
Martha Ruggles Elementary School,5660, 41.7519455763314,-87.61806644775375 ,"(42.015265313, -87.6972221893999)"
Irma C Ruiz Elementary School,5390, 41.848100939690376,-87.68074453530946 ,"(41.8583871238, -87.7212629729999)"
William H Ryder Math & Science Specialty ES,5670, 41.735379389767054,-87.6388427003168 ,"(41.8071423342, -87.6660736056)"
Albert R Sabin Elementary Magnet School,7790, 41.90681581017204,-87.68304994228944 ,"(41.7589252626, -87.6491800499999)"
Rueben Salazar Elementary Bilingual Center,6720, 41.90141653471176,-87.63363243437433 ,"(41.9421377377, -87.7764315432)"
Socorro Sandoval Elementary School,6430, 41.79234608441279,-87.71098733216566 ,"(41.7650484604999, -87.6582040612999)"
Maria Saucedo Elementary Scholastic Academy,4250, 41.847940716554206,-87.69731553798826 ,"(41.8580653653, -87.6522648960999)"
Sauganash Elementary School,5690, 41.99116924643027,-87.74595144463426 ,"(41.7519451212999, -87.6181030892)"
Sidney Sawyer Elementary School,5710, 41.797498203402256,-87.70500578092046 ,"(41.7353799169, -87.6388060702)"
Harriet E Sayre Elementary Language Academy,5720, 41.91415063045139,-87.79872070516093 ,"(41.9911547557, -87.7459202073)"
Jonathan Y Scammon Elementary School,5730, 41.941677604265344,-87.73217877730796 ,"(41.7974987802, -87.7049691168)"
Theophilus Schmid Elementary School,5950, 41.71698887283236,-87.5969318813713 ,"(41.6909195444, -87.6586324517)"
Franz Peter Schubert Elementary School,5800, 41.930403316555264,-87.76119046881581 ,"(41.9417050407, -87.7321794864)"
William H Seward Communication Arts Academy ES,5820, 41.81033324106931,-87.66877201102223 ,"(42.0169190693999, -87.8141958175)"
Betty Shabazz Intl Charter,4520, 41.752458489265116,-87.60025455369683 ,"(41.7524580405, -87.6002911950999)"
Betty Shabazz Intl Charter - Barbara A Sizemore,5130, 41.76739011323144,-87.66763900782517 ,"(41.7673906771999, -87.6676023606)"
Mark Sheridan Elementary Math & Science Academy,4920, 41.84440015925903,-87.6413398053317 ,"(41.7843127030999, -87.6885859127999)"
William T Sherman Elementary School,5890, 41.79976620580785,-87.65022144595541 ,"(41.8110694495, -87.7041619277)"
Jesse Sherwood Elementary School,5900, 41.790800243685105,-87.63227938170536 ,"(41.7317174209999, -87.5527513156)"
James Shields Elementary School,5910, 41.81590948687071,-87.68964723566636 ,"(41.7997397751, -87.6502115818999)"
James Shields Middle School,9597, 41.80649141123526,-87.68977977296021 ,"(41.735211585, -87.7040593884999)"
Beulah Shoesmith Elementary School,5920, 41.8042940169549,-87.59390494199624 ,"(41.7908276853, -87.6322793350999)"
John D Shoop Math-Science Technical Academy ES,5930, 41.69091887719864,-87.65866905248934 ,"(41.8159099725, -87.6896105583)"
Mark Skinner Elementary School,5940, 41.87910254342189,-87.65941897612656 ,"(41.8042665794, -87.5939042778999)"
Skinner North,8024, 41.90510911963836,-87.6448414953298 ,"(41.7934518964, -87.7113690306999)"
Wendell Smith Elementary School,3870, 41.70755761742015,-87.60466040848125 ,"(41.9945134479999, -87.6685032710999)"
Washington D Smyser Elementary School,5960, 41.95886803637258,-87.78197453805517 ,"(41.8790751068, -87.6594182663999)"
John M Smyth Elementary School,5970, 41.86535101850755,-87.65344502704008 ,"(41.7169881774999, -87.5969684965999)"
Hannah G Solomon Elementary School,5980, 41.99394233332291,-87.72404263321984 ,"(41.9588686516, -87.7819377817999)"
South Loop Elementary School,3960, 41.866874506351465,-87.6286150040357 ,"(41.8157883917999, -87.6336278038999)"
South Shore Fine Arts Academy,2015, 41.767755109237974,-87.59039610191911 ,"(41.9357940433, -87.6805987585999)"
Spencer Technology Academy,6000, 41.88487639878507,-87.7504447313877 ,"(41.8653784595, -87.6534452429999)"
John Spry Elementary Community School,6010, 41.84774672276167,-87.70018447188815 ,"(41.9939426911, -87.7240058512)"
Amos Alonzo Stagg Elementary School,7760, 41.75892473263723,-87.64921669329419 ,"(41.8577273715999, -87.6752098518)"
STEM Magnet Academy,8678, 41.86857587962179,-87.6649691328739 ,"(41.7711065099, -87.7399209599)"
Adlai E Stevenson Elementary School,6030, 41.747106879416975,-87.73166568473782 ,"(41.8848771225, -87.7504080214999)"
Frederick Stock Elementary School,5770, 42.01689164178767,-87.81419465462 ,"(41.9141512279, -87.7986839743)"
Stone Elementary Scholastic Academy,6070, 41.995359052037394,-87.68479278594106 ,"(41.7471076026999, -87.7316290538)"
Harriet Beecher Stowe Elementary School,6080, 41.91193807962043,-87.71331750108503 ,"(41.6964954761999, -87.6400102081999)"
Suder Montessori Magnet ES,6340, 41.88321451776874,-87.67763611212946 ,"(41.7643796381, -87.7064440066999)"
Charles Sumner  Math & Science Community Acad ES,6110, 41.87082837889257,-87.73352395132963 ,"(41.9119106404, -87.7133170225999)"
Elizabeth H Sutherland Elementary School,6120, 41.71144507089116,-87.67682117250321 ,"(41.743828102, -87.5429642458999)"
George B Swift Elementary Specialty School,6130, 41.989139060982666,-87.65829607973106 ,"(41.8708026871999, -87.7335110498)"
Mancel Talcott Elementary School,6140, 41.89240461196112,-87.67372272416247 ,"(41.7114444432, -87.676857787)"
Talman Elementary School,6680, 41.794048051232764,-87.69026083932464 ,"(41.7984644187, -87.6257282445999)"
Henry O Tanner Elementary School,6970, 41.76067263561242,-87.60679103493086 ,"(41.8618368493999, -87.7031020633999)"
Tarkington School of Excellence ES,7160, 41.76440707615083,-87.70644464814345 ,"(41.8360356836, -87.7341216358999)"
Douglas Taylor Elementary School,6150, 41.71547037612557,-87.53297076728938 ,"(41.9891396826999, -87.6582593068)"
Telpochcalli Elementary School,3380, 41.847947432627194,-87.69600587940728 ,"(41.7851833424, -87.6085962384999)"
Velma F Thomas Early Childhood Center,6710, 41.82777491389318,-87.67754184981071 ,"(41.8788478048999, -87.6887239489)"
James N Thorp Elementary School,6180, 41.73332423856062,-87.54427997609297 ,"(41.7154703702999, -87.5329341422999)"
Ole A Thorp Elementary Scholastic Academy,6190, 41.94857131191753,-87.77763129533064 ,"(41.6775328841, -87.6581115778)"
Emmett Louis Till Math and Science Academy,4740, 41.77542384410605,-87.60935721070929 ,"(41.8299923302, -87.6411392589999)"
George W Tilton Elementary School,6210, 41.88410224164089,-87.73056638504498 ,"(41.7333296560999, -87.5444418175)"
Enrico Tonti Elementary School,6220, 41.78752322987522,-87.70817918401752 ,"(41.9485438736999, -87.7776307207)"
Turner-Drew Elementary Language Academy,3110, 41.7256092162375,-87.63016447921711 ,"(41.7809552267, -87.7875677723999)"
Mark Twain Elementary School,6240, 41.79904639762166,-87.75892840126193 ,"(41.8841016073999, -87.7306030976999)"
University of Chicago Charter - Donoghue,2600, 41.82772608169006,-87.60850078073176 ,"(41.8277515955999, -87.6085142901)"
University of Chicago Charter - NKO,3060, 41.81118286697261,-87.59878626822365 ,"(41.8113891193, -87.5985199032)"
UNO Charter - Sandra Cisneros,8094, 41.822883741644326,-87.69399616165612 ,"(41.8228563157, -87.6939948957)"
UNO 51st and Homan Charter Elementary School,8671, 41.8010424143053,-87.70879678374058 ,"(41.801043391, -87.7087601321999)"
UNO Charter - Bartolome de Las Casas,3341, 41.85950400844006,-87.66794916938431 ,"(41.8595314466, -87.6679497479999)"
UNO Charter - Carlos Fuentes,3342, 41.93747577617474,-87.69959365155327 ,"(41.9375032175, -87.6995937796999)"
UNO Charter 15 ES,9610, 41.81310944556738,-87.69323838452338 ,"(41.8131100186, -87.6932017108999)"
UNO Charter School - Officer Donald J. Marquez,3346, 41.808308824206264,-87.69739409675225 ,"(41.8082813882, -87.6973933334)"
UNO Charter - Near West Elementary,9600, 41.917951680073145,-87.78783043765829 ,"(41.9179521228, -87.7877937009999)"
UNO Charter - Rogers Park ES,9038, 42.01647588206149,-87.68440568196371 ,"(42.0164781781, -87.6843690134)"
UNO Charter - Octavio Paz Campus,5810, 41.850035413249145,-87.6925508987114 ,"(41.85006285, -87.6925516058999)"
UNO Charter School - PFC Omar E.Torres Campus,3345, 41.808199806707506,-87.73045044324228 ,"(41.8078400695999, -87.7303591385)"
UNO Charter School - SPC Daniel Zizumbo Campus,3344, 41.810134787396784,-87.73049511708528 ,"(41.8078400695999, -87.7303591385)"
UNO Charter Elementary School St Marks,8093, 41.90034363535655,-87.68989562534732 ,"(41.9003161969, -87.6898950622999)"
UNO Charter - Rufino Tamayo,3340, 41.79993018696646,-87.69386163596879 ,"(41.7999296461999, -87.6938983027999)"
John H Vanderpoel Elementary Magnet School,6250, 41.72081703449422,-87.66555862185707 ,"(41.7875226650999, -87.7082158438)"
Barbara Vick Early Childhood & Family Center,2920, 41.68819083816183,-87.68567659746944 ,"(41.7846813513, -87.6571325466999)"
Alessandro Volta Elementary School,6270, 41.97163400182653,-87.72460522430316 ,"(41.7208232142999, -87.6655229337)"
Carl von Linne Elementary School,4490, 41.940009280018735,-87.70263467444693 ,"(41.797685342, -87.6598961515)"
Charles H Wacker Elementary School,8030, 41.71619329616542,-87.64804432353884 ,"(41.9568240306, -87.6460475368999)"
James Wadsworth Elementary School,6300, 41.773477898294274,-87.60101811220858 ,"(41.9716342039, -87.7245684532999)"
John A Walsh Elementary School,6320, 41.85483574783071,-87.64808617473388 ,"(41.7734783216999, -87.6009814581999)"
James Ward Elementary School,6330, 41.843980089480425,-87.63535578862451 ,"(41.8409294755999, -87.7050634991999)"
Laura S Ward Elementary School,5470, 41.89323561061053,-87.71879729276195 ,"(41.8602314637, -87.6925249792)"
Joseph Warren Elementary School,6350, 41.72676290951163,-87.57535254914627 ,"(41.8548351526, -87.6481228713)"
George Washington Elementary School,6360, 41.688131484192446,-87.53601529925376 ,"(41.8439794256999, -87.6353924773)"
Harold Washington Elementary School,5380, 41.728534142993205,-87.59625661607488 ,"(41.9834832307, -87.6658505550999)"
Thomas J Waters Elementary School,6370, 41.96436540454609,-87.69133251140144 ,"(41.7267623979, -87.5753891746)"
Daniel Webster Elementary School,6380, 41.86991585847201,-87.7275243747746 ,"(41.6881589258999, -87.5360151861)"
Ida B Wells Preparatory Elementary Academy,5250, 41.82735526679594,-87.61977965996628 ,"(41.7741643482, -87.6750599476)"
Daniel S Wentworth Elementary School,6390, 41.765075896759704,-87.6582048358533 ,"(41.9643659734, -87.6912957515999)"
West Park Elementary Academy,5140, 41.90690720547789,-87.73244309617144 ,"(41.9061825912, -87.7299552273999)"
West Ridge Elementary School,8440, 42.00295899493658,-87.70591720544137 ,"(41.9349313248999, -87.7700905181)"
Oliver S Westcott Elementary School,7260, 41.748868225739486,-87.63475051609748 ,"(41.7471851188999, -87.6280769913)"
John Whistler Elementary School,6420, 41.68390701031587,-87.65538382156934 ,"(41.8699432951, -87.7275250911999)"
Edward White Elementary Career Academy,7440, 41.67230940699414,-87.65053854187074 ,"(41.7331597507999, -87.5895902041999)"
Eli Whitney Elementary School,6440, 41.840080427545395,-87.72554564237893 ,"(41.6839064134999, -87.6554204212)"
John Greenleaf Whittier Elementary School,6450, 41.85048088728893,-87.67339165458796 ,"(41.7923466681999, -87.7109506711999)"
Wildwood Elementary School,6470, 42.00749067022994,-87.77834486171555 ,"(41.8504534519, -87.6733908649)"
Woodlawn Community Elementary School,3860, 41.773365531999744,-87.594391995999 ,"(41.8991718943999, -87.7557765292)"
Carter G Woodson South Elementary School,7820, 41.81449879622073,-87.60841876862465 ,"(41.9421377377, -87.7764315432)"
Richard Yates Elementary School,6510, 41.915038547767104,-87.70028031303718 ,"(42.0075054013, -87.7783138193999)"
Ella Flagg Young Elementary School,6520, 41.9067905745787,-87.76714284546927 ,"(41.8528272101999, -87.6293087389999)"
Emiliano Zapata Elementary Academy,3820, 41.84139380436652,-87.73431332420165 ,"(41.7573400731, -87.6327735184)"
